Element,Count
b'\xd2\x1d9\xfa',168915
b'\xc6X\xda\x88',122440
b'\xb7\xf6h\xd0',106004
b'E.\x1c)',103233
"b'c\x9e,\xb5'",93998
b'V+x\xe8',85947
b'\x01l|\xff',82713
b'\x01l$\xce',79924
b'\xd8\x1eL\xf0',78827
b'\x01l$\x98',68863
"b'\xc6X\xdd,'",66989
b'\x01l|\xec',61469
"b'c\x9e,b'",60445
b'\x90\xbcT\x17',55356
"b'c\x9e,{'",55335
b'E\x0c\xd5\xf5',51723
"b'c\x9e,z'",49337
b'\x05\x06\x1b\xd0',46031
b'\xc9W\xf7#',43946
b'e\x86\xc2d',42022
b'c\x9e.\xa7',39440
b'\x1d\xb9\x7f\xd3',38953
b'+?\x82\xd6',38403
b'E\x0c\xd5\xf7',38011
b'c\x9e.\xb5',37752
b'c\x9e.\xb4',37521
b'\x8e\xa1\x17L',35470
b'c\x9e.\xa6',35330
b'I\x95\xba\xfb',34607
b'\x91\xdc\xd6\x91',34260
b'\xd0\xfd=\x0e',33001
b'p\xe01\xdd',32893
b'\x05?\xc10',32472
b'OZ\x0e\xae',31707
b'E\x0c\xd5\xed',31502
b'\x9b\xbc<\xeb',30943
b'\xc7\xe8~#',30906
b'z\xdd\xc7\x86',30619
b'\x86\x82d8',30314
b'\x8e\xa1\x17M',29996
b'\xdc\x1bP\xe1',29770
b'\r\x01W\xaa',29315
b'<\xf2\xdc\xd0',29157
b'\xdd\x01b\xdf',28763
b'\xb8e\xb7\x0c',28663
b'B\xf2A\x84',28569
b'uT\x80\xd8',28498
b'\xc9&\xf8\x83',28279
b'\xdd\x01b\xdd',28193
b'p\x97\xa1\xa9',27999
b'\xce\x93D[',27879
b'\x05\x11}\x9e',27759
b'c\x0f\xb2\xd4',27690
b'\x0c$\x02\x95',27680
b'\xc6X\xdc\xed',27347
b'\x82\x19\x1e\xc0',27313
b'\xdc\x1bP\xc6',27092
b'\xc6X\xdc\xfc',26870
b'\xdc\x90\xcd\x9d',26069
b'\xc6X\xdd-',25919
b'z\x0c\x8c)',25615
b'\xb7\x96U\xe9',25387
b'\x80\xaf\x0b\xbd',25300
b'E\x0c\xd5\xf4',25047
b'\xb7\xe8L\xb1',24991
b'Ae\x8a}',24734
b'\xc7\xe8~\x1c',24386
b'c9\xbbZ',24218
b'A\xad4S',23957
b'c9\xbbF',23572
b'c9\xbb]',23544
b'\xd7\xba\xc9\xac',23455
b'c9\xbb\\',23250
b'\xb7\x9ac\x0c',23150
b'c9\xbbP',23011
b'P\xc81\xaa',22937
b'r\x01\xb8p',22760
b'h8\xc7i',22756
b'p\x97\xa1\xa3',22693
b'\xab\xa5\xc3\xd5',22346
b'c9\xbbX',22320
"b""'&\xec\xc2""",22300
b'c9\xbbt',22296
b'A\xad4`',22243
b'\xdc\x1bP\xe6',22178
b'c9\xbb[',22168
b'\xce\x92\xa0\x80',22138
b'c9\xbby',21767
b'\xcf\x95\xbfM',21607
b'\xd8\x1en\xff',21271
b'c9\xbbS',21237
b'l*\xf2{',21236
b'f\x06\x9c\xc0',21216
b'c9\xbbB',21199
b'\x7f\xd31+',21169
b'\xca\xe0p\x04',21142
b'c9\xbbY',21119
b'{\xecL\x9b',20866
b'\xd1?.\x9a',20792
b'\xb7\xbcBz',20686
b'c9\xbbr',20627
b'c9\xbbp',20580
b'c9\xbbH',20483
b'\xc7\xe8~!',20463
b'\xcd\xac3.',20440
b'c9\xbbU',20300
b'c9\xbbv',20045
b'c9\xbbV',19969
b'c9\xbbE',19968
b'\xc9@{N',19959
b'\xb7\xa6\x11{',19925
b'c9\xbbu',19861
b'c9\xbbW',19858
b'A\xad4b',19854
b'\x7f\x8b\xef\xbd',19822
b'\xca\xc4\x0c\x9b',19820
b'\xdc\x1bP\xef',19786
b'c9\xbb^',19747
b'c9\xbbw',19713
b'\x82\x0cF\xff',19709
b'c9\xbbD',19708
b'c9\xbbs',19646
b'c9\xbbR',19564
b'c9\xbb@',19506
b'c9\xbbQ',19467
b'uu3\xef',19319
b'uY\x0f9',18948
b'sY\xa4\xdf',18945
b'\xdc\x1bP\xe4',18930
b'p\x97\xa1\xb6',18924
b'\xd4\xe6\xef\x83',18759
"b'\x82,X\xab'",18739
b'\xd2\x1d?\xb5',18567
b'c9\xbbb',18564
b'c9\xbb_',18376
b'c9\xbbq',18349
b'c9\xbbC',18054
b'\xb7\xc8\r\xce',18008
b'o&\x05\x7f',17983
b'\x01`[1',17879
b'c9\xbbo',17856
b'\xd2\x1e\xbeu',17805
b'9\x08\xd0\xf1',17698
b'\x89\xe3\xc5+',17677
b'c9\xbbG',17671
b'\x84h\xb1\x11',17571
b'w\xea\xef\x0b',17564
b'\x92\xc1\x17\xca',17405
b'c9\xbbd',17342
b'\x827\xb8u',17319
b'c9\xbbi',17312
b'\xd2\x1e\xbeh',17308
b'c9\xbba',17259
b'c9\xbbj',17166
b'c9\xbbz',17140
b'\x1c^\xc2\xd5',17138
b'c9\xbbT',17125
b'p\x97\xa1\xa2',17118
b'\x99\xc1\x8f\x14',17110
b'c9\xbbI',17056
b'\x82.\xc0\xc3',17028
b'\x99\xc1\x86\x02',16949
b'\x89\xa0\x02\xb7',16933
b'p\x7f\xe1\x05',16906
b'c9\xbb~',16757
b'c9\xbbf',16712
b'\xb7\x9d*\xf5',16705
"b'\'\xb7""\x83'",16633
b'uFe ',16528
b'\xd2\x94\xc5\xfa',16512
b'c9\xbbc',16471
b'\x0c+\x188',16454
b'\xb7\xa7\x05\x8b',16359
b'\xd2\x1e\xbek',16294
b'\x82\x08\x1f\xfe',16181
b'c9\xbbJ',16177
b'\xdc\x1bP\xe7',16142
b'w\xa9f\xaa',16124
b'l\x10\xae\xe1',16093
"b""'\xd8\xbaK""",15967
b'c9\xbb}',15945
b'\x92\x0f8t',15885
b'p\x97\xa1\x9c',15852
b'c9\xbb{',15850
b'c9\xbbA',15834
b'\xcf\x88\xee\xa0',15815
b'~b0\x96',15743
b'c9\xbb|',15724
b'\nbP\x88',15664
b'jT&\xd3',15585
b'\xcf\x98 L',15558
b'f\x06#\x03',15513
b'sY\xa4\x84',15509
b'z\x0e%\xd8',15482
b'A\xad4a',15410
b'\x99\xc1\x89\x07',15262
b'c9\xbbl',15254
b'jT&\xd2',15253
b'\xcd\xa9\x980',15182
b'c9\xbb\x7f',15181
b'c9\xbbm',15144
b'w\xa9\x9a\x0b',15144
b'c9\xbbx',15110
b'c9\xbbe',15045
b'h\xa7\xcfX',15038
b'c9\xbbk',14973
b'jT&\xfb',14873
b'oH\x93\xb5',14791
b'\x99\xc1\r\xe0',14591
"b""jT'n""",14571
b'\xb7\xdaIP',14489
b'c9\xbbn',14461
b'\x87n\xcd\x9d',14449
b'jZf\xda',14388
b'm\x93\x08o',14380
b'+\x8bb\x88',14380
b'c9\xbbK',14315
b'm\x93\x08C',14314
b'7}0\xfe',14305
b'\x8e\x88\x8bu',14272
b'c9\xbbg',14254
b'\xce\x96]\xca',14246
b'+\x8b`\r',14230
b'~)xE',14193
"b""\x82'\xf4j""",14184
b'p\x7f\xe9\x17',14170
b'jT&\x93',14022
b'+\x1aq\xaf',13985
"b""\x80'\xcd\xfa""",13919
b'\xb7\xe4_\xb8',13889
b'\x80-\xe5d',13878
b'\xb7\xacu\x9e',13875
b'r\x02\x14\x91',13862
b'm\x93\x08\xe6',13861
b'u}QR',13780
b'\xb8b\xb6\xa7',13757
b'\x80-!\x1e',13748
b'+\x8bb\x8b',13711
b'c9\xbbO',13707
b'd\xa2\x1d<',13701
b'+\x8b`\x15',13682
b'K@>o',13582
"b""jT'\x05""",13565
b'\xd2\x16\xf9\x7f',13455
b'\xcf\x88\xbe\x94',13455
b'\x8209\x87',13375
b'z\x00\x10\x86',13358
b'w\xe0\xfcR',13354
"b'\x82\x0b,\x9c'",13291
b'\xb7\xd8\x8f\x91',13282
b'p\x97\xa1\x0e',13252
b'\x1cG\x8a\xc4',13168
b'm\x93\x08\xe8',13130
b'\x82\x05\x1a\xea',13109
b'm\x93\x08V',13072
b'\x99\xc1\r\xe2',13023
b'\xd4\xf3k\xc7',13009
b'l\x0e\x92\xf8',12969
b'h\xb5HJ',12946
b'\x0c<\x96\xf5',12867
b'\xa9\xaf\xea_',12827
b'c9\xbbh',12789
b'p\x97\xa1-',12786
b'p\x97\xa1\x81',12723
b'A\xa2\x8b+',12697
b'~)xk',12693
b'\x05\xfb\x16\xf7',12557
b'uV\x85L',12555
b'lw\x05b',12535
b'+\x93\xff]',12487
b'\xd4\xf3d\xb4',12439
b'w\xfa\x1d\xcf',12391
b'\xdc\x1b\x85#',12365
b'y\x83\xcc\x8d',12209
b'+\x13\x0f\x8e',12180
b'p\xe5\x17 ',12161
b'1\x1e\xdb\x0b',12157
b'm\x93\x08Z',12089
b'H\xc5\x90\xd6',12006
b'\x9d\r\xa9\xb4',12004
b'm\x93\x08\x0c',11964
b'\xd0}&\xc0',11893
b'jT&\xd4',11869
b'\x82\x1a\xac\x05',11803
b'p\x7f\xc4\xc1',11788
b'p\x97\xa1_',11753
b'\xcb\x9c9I',11744
b'jT&\x8a',11650
b'\xdc\x1bP\xc5',11635
b'\x84; \x12',11616
b'\xdc\x1bP\xec',11607
b'q\xa1\x13\x98',11605
b'l!wI',11605
b'\x82:\xd6;',11588
b'jT&\x92',11570
b'$\x07\x0fR',11495
b'Dd\xcce',11437
b'\xd8\xcf\xe7\x06',11436
b'r\x06\xa3a',11431
b'\x84\xc7\xd3&',11332
b'\x99\xc1\x8f\x04',11237
b'jT&\xda',11171
b'\xd2\x1d\x03\xdb',11152
b'#\xf0\xc2\xfb',11148
b'\x9d\r\xa9/',11124
b'r\x00\xba\x80',11014
b'\x8ep:\x19',11011
b'\x84; \x16',10999
b'\x84; \x13',10996
b'\x802)\xf1',10941
b'jT&\x8f',10938
b'pw\xbe\xe5',10928
b'\x01l|\xab',10923
b'f\x06\\\x1e',10863
b'\xd6Q\x9a\t',10820
b'M\xb9cq',10815
b'C\x8c}\x00',10771
b'\x801\xa5\xc8',10749
b'\xcf\x80C\xe1',10747
b'f\x06\x9c\x86',10738
"b'\x93b""\x08'",10736
b'm\x93\x08^',10710
"b'\x06\x88,\x96'",10699
b'p\x97\xa1^',10645
b'uF\xb0\xec',10620
b'\x9d\r\xaa\x10',10610
b'p\x97\xa1\xa0',10583
b'u[YN',10496
b'\x821B\xd9',10489
b'\x01`[\x11',10470
b'{\xdb\xae\xbd',10457
b'jT&\xde',10432
"b'\xcb""q\xa0'",10389
b'pp\xd3\x00',10372
b'\x90\xbb\x145',10335
b'\xd3I\x07S',10276
b'Lo\x1a\x06',10239
b'\x1cA\xfd\xe2',10235
b'\xb7\xd4|4',10193
b'E\x0c\xd5\xef',10182
b'w\xe6\xc8`',10159
b'\xcf\x88\xd9s',10131
b'{\xed5\xc3',10120
b'~.~\x13',10112
b'\x82\x08\xe6\xe4',10029
b'\x80&\x89\xc7',10001
b'p\x97\xa6\xdd',9991
b'\nH\x82H',9975
b'\x82/*\x1c',9929
b'\x82/Jb',9895
b'\xc5Z\xee\xf1',9885
b'\x800\xeeP',9848
b'l\x15\xe4\xa6',9837
b'p\x97\xa1]',9816
b'\xd8\x11\xd8\xd3',9805
b'^\x00\xaa\xcc',9800
b'\r\x1c\xed\xe1',9786
b'\xd2\x16\xf9\xab',9779
"b""l\xd7'\xb9""",9742
b'z\x0c\x01M',9704
b'\xc9{\x86\x03',9631
b'\xdd\x01b\xde',9495
b'\xcf\x96\xd4\x8b',9469
b'uER\x02',9421
b'\xca\xd7\x80\x8b',9400
b'H\r\n7',9398
b'A\xad6_',9374
b'\xcf\x8aJ6',9350
b'E\xc3\xc0s',9324
b'c9\xbb\xf5',9228
b'<\x8f+\xc4',9228
b'w\xe2\xc0D',9211
b'\xd3\x19*~',9200
b'\xd8\x1eL\xf8',9184
b'\xd9R\xc4\x19',9149
b'++/\xdd',9112
b'\x11*\xab\xcb',9108
b'lw\x0e\xd2',9048
b'+\xcd\xee\x82',9041
b'9 \xd58',9011
b'lw\x05t',8917
b'c9\xbb\xef',8900
b'c9\xbb\xfb',8862
b'\xdc\x1bP\xe0',8860
b'z\x00xB',8832
b'\xd0}N\xda',8809
b'\nN\xd3s',8797
b'\x89\xe3.\xd4',8794
b'\x87\x97\xd2\x18',8792
"b""\x1d\x99'\xce""",8785
b'{\xdb\xb2M',8780
b'p\x97\xa1\x83',8761
b'u_e\xed',8757
b'\xd38 I',8749
b'\xdc\x1bP\xe5',8749
b'\x1cF\xbf\xe3',8697
b'G\xac_G',8685
b'c9\xbb\xf9',8678
b'#\n\xd7\x0f',8667
b'\xd2\xeb\xeb\xc3',8665
b'f\x06\x9c\x92',8641
b'c9\xbb\xeb',8635
b'E*\x9ec',8602
b'/9\xa8\xd5',8553
b'\xd2-\xb8%',8551
b'\x82\r~B',8542
b'~)x~',8505
b'c9\xbb\xfd',8458
b'\x82\t\t\xde',8446
b'H\x15\xa4\xe0',8442
b'\x80-\xf0\xb3',8418
b'c9\xbb\xfc',8387
b'c9\xbb\xea',8375
b'\xcf\x88\xb0;',8368
b'c9\xbb\xfe',8366
b'o\xfd\x80\xfd',8353
b'\xb7\xc3\xea\xc6',8342
b'c9\xbb\xfa',8329
b'+\x13\x0f\xd9',8319
b'\xca\xd3V\x1c',8317
b'lw\x01\xf6',8296
b'\xd4\xf6Ui',8283
b'rn\xe8\x99',8277
b'\xc9V\\\x9e',8257
b'D{p\xe1',8255
b'\x84; \x17',8245
b'\xd2\x1d<\xb0',8217
b'+\x1aq\xbe',8203
b'c9\xbb\xff',8195
b'l\x19\xe6\x88',8193
b'~g\xc51',8180
b'\xcf\x88\xba(',8177
b'c9\xbb\xf1',8169
b'f\x06#>',8158
b'z;\x0f*',8121
b'c9\xbb\xee',8103
b'\xcf\x89\xfb\xde',8063
b'\xd4N\x1f)',8062
b'\x0fS\xe8\xdb',8062
b'\xcf\x88\x0c\xa6',8050
b'w\xea\x85\x04',7995
b'Y\xf2\xda\x01',7975
b'\x9b\x8a\x83\x1c',7971
"b""pn\x0f'""",7967
b'\xde\x1c\xc1z',7953
b'++/\xdc',7934
b'\x99\xc1\r\xe3',7924
b'f\x06\x98\xc3',7919
b'c9\xbb\xf4',7911
"b""'\xb7$\xfd""",7884
b'B@\xecm',7859
b'\x99\xc1\xe9\xa6',7821
b'\xcf\x88\xe6\x1d',7814
b'C\xe5*\xc5',7800
b'k\xd8\x9du',7787
b'\xcf\xbe\xe0\xc5',7783
b'\xdd\x01b\xdc',7781
b'lw\x05e',7769
b'\x90\xbaW\xfd',7748
b'c9\xbb\xe9',7747
b'z\t\xfa\x08',7745
b'\x99\xc1\x86\x99',7738
b'\x99\xc1\x8f3',7725
b'\x80\n\x1d\n',7722
b'c9\xbb\xe4',7710
b'\x01l$\x90',7672
b'c9\xbb\xf8',7671
b'\r\xe1\x94\xb7',7652
b'D\x19\xeb\xc2',7647
b'#\xf0\xc2\xce',7645
b'uq\xcb\xb2',7617
b'r\x03\x0eu',7612
b'+\t\xcc\xcf',7606
b'\x80-f.',7606
b'{\xed\xab\xc4',7605
b'c9\xbb\xf0',7551
b'\xb7\xfe\x15l',7536
b'lw\x1f\xb2',7504
b'++/\xe4',7491
"b""\x82'0.""",7467
b'\x82&\xd4m',7463
b'W\xf0\\\x16',7462
b'\x01`Z\xc9',7439
b'\x99\xc1\x977',7433
b'\x82+!!',7391
b'c9\xbb\xe5',7390
b'\x91\xf9\x9a3',7381
b'F8\x9a\x9f',7372
b'\x89\xe5\x9fs',7365
b'\xb7\xec\x87\x80',7362
b'l*\xf2|',7346
b'\x9d\x17.\\',7327
b'\xcf\x88\x8a\x83',7319
b'\xd0\xcd\xf6\xe0',7314
"b'\xd2\x1d""\x86'",7284
b'+\xce$\x8b',7270
"b""'\x08\xb1\x15""",7265
b'\x80&^\xcb',7254
b'\xc5Z\xee\xf0',7237
b'\x89\xe3\xc5o',7232
b'pc\xc2+',7219
b'\\\xe8\x1f8',7214
b'#\xf0\xc2\xcc',7183
b'c9\xbb\xe8',7148
b'\xdc\x1bPO',7126
b'p\x97\xa1\x01',7103
b'\xd2\x1e\xbeg',7099
b'\xd7\xd6\x98;',7088
"b'\xcf\x834,'",7081
b'\x87|*1',7071
b'U\xad\tL',7070
b'\xb7\xb49\xb7',7065
b'p\x97\xa1\r',7052
b'\xcf\x88\x9e8',7030
b'lw\x05M',7030
b'++!\xc6',7023
b'd{\xf7z',7003
"b'c\x9e,\xb3'",6993
b'\xdc\x1bP\xed',6988
b'\xb7\xb56\x8f',6973
b'\xa9F\x197',6948
b'E\x0c\xd5\xf6',6925
b'\x82\x05\xd0\xc8',6917
b'\x1c]\xb5\x10',6914
b'~O\xad\xa7',6901
b'\xb7\xbcf\xd9',6900
b'\x93\xbc\x91\xe5',6889
b'R\x16\xda8',6882
b'\xcc\xc5\x01I',6881
b'\xcf\x9e/\xbe',6871
b'E\x0c\xd7W',6846
b'c9\xbb\xed',6838
b'\x82\x1a6\xe2',6831
b'\x7f\xd1\xab!',6826
b'\\\xd8\xbc\xc0',6821
b'\xd9\x8e\xb0W',6808
b'p\xe5@\xd6',6807
b'+\xcd\x82\xd4',6785
b'l!\xc7\xb3',6785
b'c9\xbb\xf2',6780
b'\xc9\xce)N',6764
b'\x99\xc1\x8f\x1b',6759
b'++/\xb2',6757
b'nu\xd9\xd1',6755
b'ppZ\xfc',6735
b'\xcf\x80Cv',6717
b'\x91\xb5\xec\xe1',6687
b'\x12\xdf\x04G',6659
b'v\x00\xed\xad',6648
b'c9\xbb\xf3',6644
b'\x82\xc7\xb7w',6617
b'\x9dr\xe3\x85',6602
b'd\x94\x86\xee',6584
b'\xcb\xa2;\x97',6581
b'Bg4F',6563
b'z\tU\x0c',6562
b'p\x97\xa1\x80',6559
b'l\x05^\xaf',6557
b'H\xd7\xe2\xe1',6535
b'\x01l|\xb4',6535
b'pw\xca\xfd',6526
b'\xd2\x1e\xbew',6497
b'I\x00\xe9\xcc',6497
b'jh\x1a\xab',6494
b'\x99\xc1\xe9Z',6482
b'\x01l|\xb7',6469
b'w\xe2h9',6465
b'v\x8b\xfc\x95',6463
b'\x99\xc1\r\xe1',6462
b'f(j\x8e',6458
b'\xd2p9\x93',6454
b'\x1cK\xd7\xab',6433
b'\x8bv\xab6',6429
b'~#e\xb4',6412
b'lw\x01\xe0',6396
b'\x80&F\xb4',6386
b'\x01l%0',6375
b'\xcf\x98\xd1/',6370
b'g\x94r$',6369
b'$\x05\x98\xa2',6357
b'\xb8ac\x02',6347
b'\xcf\x890\xa7',6321
b'\xcc\xc0(X',6307
"b""'\xb7\t\x9d""",6307
b'\x838\xadW',6305
b'lw\x01\xe7',6291
b'l\x03\r\x93',6290
"b""G\xb8'^""",6268
b'+\t\xccu',6267
b'\xcf\x89y3',6251
b'\x01l|\xb2',6247
b'p\x9cC\x0b',6242
b'\xcf\xa9\xb8\xb4',6205
b'A\xde2\x95',6195
b'\x80&N\xb5',6195
b'l!y\x14',6195
b'\xb7\xc6\xf6\xb7',6189
b'q\x9a\x17z',6178
b'\x06\xea\xb2B',6146
b'Gd#\xef',6139
b'\xdfl8\xf6',6117
b'z\x05\xbd\xe7',6107
b'\x15\xe4$x',6100
b'\x99\xc1\x8f:',6085
b'\xdc\x1bP\xc4',6055
b'\xcb#!E',6040
b'\x82\x07mX',6033
b'\xc7\xf7#\xb2',6029
b'\x99\xc1\xa1\x90',6025
b'lw\x05r',6008
b'\x92\x91\xa1\xfb',5995
b'\x01l}\xc5',5993
b'\xb7\xa7Rp',5991
b'\x99\xc1\x8f\x18',5988
b'X\xdf\xf0\xf4',5975
b'\x9e\nRn',5962
b'\x01F\xca\x89',5959
b'\x0fS\xe8\xd5',5955
b'\x80-f\xe9',5951
b'\x92\xe0\x81^',5941
b'3\x8b\xd6\xaa',5940
b'\xb7\xc7\x15\x01',5929
b'tA-\x18',5911
b'{\xe8\x87\xec',5901
b'\xcc\xcb\xc9\xdd',5899
"b""'\xa8\x08r""",5899
b'\xb7\x9aw\r',5896
"b""\xd38'\n""",5891
b'\xb7\xe4Y\x1f',5889
b'\xc7\xcb`;',5887
b'\x89\xa1\xf8\x0f',5879
b'q\xadA*',5875
b'lw\x01\xee',5873
b'o%\xf9X',5873
b'\x92M\xd7\xca',5872
b'on\x8cA',5842
b'\xc7\x15\xf9\x03',5827
b'\xd8\xc1\xa2\xba',5818
b'\nK\xa7\xc2',5817
b'\x89\xe0\x82\x8d',5814
b'\x8e\xe0\xdaO',5811
b'\xd2\x16\xf9\xeb',5807
b'lw\x01\xef',5798
b'lw\x05L',5797
"b'\xb7\xc4""\x1d'",5781
b'\x01`Z\xd6',5781
b'~)x\x7f',5761
b'\xcd\xa5\x8b\x02',5757
b'+\x90\x17\x14',5753
b'\x01l|\xa8',5751
b'p\\\x97*',5746
b'E\x0c\xa0E',5712
b'p\x9cC\xa6',5712
b'\xc6\xcb\xfa\xa3',5703
b'\xac\xd2+T',5702
b'r\x90\xce\x01',5684
b'\xd2\x1e\xbf\xe4',5684
b'\xc5Y!\x1a',5679
b'\xdc\x1bP\xc7',5677
b'\x99\xc1\x8a\xd6',5676
b'\xd4\x89\x1a\xbf',5670
"b""\x82'\xe4\x87""",5659
b'lw\x1fp',5649
b'\xb7\xa7=0',5636
b'\xd2\xd7\x9fS',5631
b'ur=\xf2',5611
b'\xb7\xaf[\x87',5608
b'JF\x11\xaf',5605
b'\xc9\xcb\xb6\xda',5589
b'lw\x01\xe8',5569
b'\xb7\xb2\xa9\xda',5567
b'\xb2\x1f;-',5564
b'\x80&\x8c\xc1',5553
b'\x91\xc9\x03\x13',5547
b'\x9d\r\xa8\xc8',5541
b'\x99\xc1\xa7\xa5',5530
b'\xc9\x13\x9d\xfe',5521
b'\xc6X\xdd4',5512
b'\xc9VT\x14',5498
b'R\x16\xd0\xd4',5497
b'D{sm',5492
b'I\xf0\xa6\x0b',5492
b'\xd7\x1f\x0b\x08',5489
b'\xcf\x88\x8e\xa2',5487
b'\xc3\x12l\x14',5481
b'\xd8\xf18\xf6',5468
"b""\x0c!-'""",5467
b'\x0fD\x0f\xfc',5463
b'lw\x01\xe6',5458
b'\xcf\x83\xb9\x8c',5455
b'up:\x83',5443
b'u|E\xd2',5437
b'po\x87\xb6',5423
b'lw\x05%',5423
b'\xb7\xb7:\xbb',5408
b'\xc7&\x8d]',5408
b'uRC\xa2',5402
b'ux\xb4~',5402
b'\nJf\xcf',5401
b'#\xf0\xc2\xf1',5383
b'\x99\xc1\r\xf3',5378
b'f\x06\x98\xdc',5369
b'\x99\xc1\xe9y',5369
b'w\xe3\x118',5352
b'<\xccN5',5348
b'@\x14\x98\xcc',5346
b'\xc6\x06M\x9e',5344
b'a\xd1\x84w',5335
b'r\tv\xe8',5334
b'q\xb8\xc1\xaa',5332
b'pps[',5317
b'\xdc\x1bP\xc0',5315
b'\xcb\xa2\xd9\x0f',5305
b'h\x87\xd5g',5303
b'f\x06\x98\xbf',5300
b'K \x135',5295
b'\x86\x89\x0c\x01',5276
"b'\xc3,\x0f\xe1'",5264
b'u~\xdb\xcd',5261
b'\x99\xc1\x8fr',5252
b'K\xf1\xd8\x87',5250
b'+\xff\xe9\x14',5236
b'\x82\x06?\xb0',5222
b'x\xa5\x0c\xaf',5209
b'#\xf0\xc6\xfe',5209
b'\x80*\x18\xe6',5196
b'l!v\xd3',5193
b'\xdc\x1bT\x18',5188
b'j[\x83\xe3',5177
b'lw\x05h',5166
b'\x80-%|',5161
b'\x80-g\x95',5153
b'+\x93\xfbe',5125
b'\xcd>\xe6\xf2',5121
b'l\xa8\xf3\xa2',5104
b'l\n\xb1:',5101
b'+\x1ap-',5101
b'r\n\xfa ',5098
b'lw\x01\xf2',5096
b'po\x93\x14',5082
b'\x99\xc1\x97\x08',5078
b'pp\x7fo',5073
b'++/\xde',5064
b'\x01l}\x88',5064
b'ppM}',5061
b'z\x02\x1ar',5051
b'\xdc\x1bP\xee',5048
b'u^\xcd\xcf',5044
b'h\x87\xd5d',5040
b'\x94\xf5a\x10',5037
b'u\x7fV\xbb',5034
b'\x01l$\xff',5031
b'\x9e\nH\xaa',5023
b'\xdc\x1bT\x11',5004
b'\xcd\xabO\xdc',5003
"b""t!\xea'""",4997
b'~c\xf2q',4991
b'+\x172\xd3',4990
b'\xb7\x9dH\x91',4967
b'\xcf\x88\xb5\x96',4960
b'\xd4\xf3k\xc2',4960
b'~\x94k]',4959
b'lw\x055',4944
b'\xd2\x1d9\xfb',4932
b'\x01l}\xc0',4907
b'++/\xef',4906
b'/?$\x83',4904
b'pc\xcdJ',4890
b'B\xab\xe2\xce',4876
b'++/N',4867
b'lw\x05k',4866
b'\xd6\xee\xfb\x0f',4845
b'#\xf0\xdb\xca',4802
b'\xc5Z\xee\xf4',4800
b'\x06\x89\xb3\xcf',4796
b'w\xc3Gt',4790
b'lw\x0e\xee',4779
b'\nKox',4773
b'\x99\xc1\x96\xed',4771
b'rBw\x1e',4766
b'JO\x92U',4760
b'\x80-q\xde',4759
b'lw\x05i',4752
b'lw\x01\xe1',4745
b'lw\x01\xe2',4738
"b""\xcf\x98'G""",4730
b'pn\tI',4729
b'\x0fO\xff\t',4719
b'lw\x05J',4711
b'\x99\xc1\x8f$',4697
"b'V\xa6"".'",4685
b's\xef9;',4668
b'\x8c\xfa\xbb\xd9',4665
b'pA\xd8\xe7',4664
b'++/\xdf',4655
"b""'o\xc0\x90""",4653
b'\x15\xbd\x02Q',4649
b'\xc6X\xdc\xff',4647
b'r\x04q\xc7',4646
b'f\x06\x9c\xc1',4640
b'T\xea\x8d\xbc',4637
"b""\x03\xdc\x80'""",4625
b'\xd2\xd7\x9f+',4619
b'2\x9e\xc2^',4611
b'uvL`',4608
b'\xd8\x11\xdd%',4608
b'\x80.\x18\x16',4606
b'\xcb \x1a\x0e',4603
b'\x89!\xf2\xe0',4603
b'r\r\xf8p',4602
b'\x8c\x85\xa0\x7f',4602
b'\xb8\x15\x90\xad',4598
b'\xc5^\xc8\xdb',4592
b'<\x18g\xa5',4590
b'c\x8b/\x10',4590
b'A\xad4i',4580
b'w\xfa\x1e\xb6',4580
b'\x0fS\xe8\xe3',4578
b'^\xc5\xa2\\',4565
b'`cs\x84',4565
b'\x05\xe7d\xe3',4564
b'\xa9G\n\xd2',4563
b'@h\x07v',4561
b'p\x89\xfe\x1e',4555
b'\x82\x11\xbb\xcd',4550
b'\xcf\x88\xc3~',4523
b'{\xfdj\xbd',4522
b'lw\x05\x12',4494
b'h\x99|\x1b',4492
b'\xcc\xc4\x92\x94',4492
b'\x99\xc1\xa1\x9c',4484
b'\xd4\xeeN\x82',4464
"b'\x82,/?'",4463
b'E\x0c\xd7L',4461
b'\x82\xe2}\x02',4453
b'lw\x05\x13',4429
b'\xc2\x85xN',4418
b'\x01l$\xf0',4411
b'\xb7\xe0\xb8\xb6',4411
b'\xb7\xb2M~',4401
b'I\x00\x84\xa9',4390
b'\xcf\x88\xc3J',4376
b'+\x11\xda ',4368
b'\xc9\x84\xe8:',4350
b'\xd8\xf18\xf4',4344
b'l\x05^\xad',4342
b'l-\xeb1',4342
b'u_\x9d\x8a',4339
b'A\x8fm|',4334
b'\x99\xc1\x88\\',4331
b'\xcf\x81Lk',4329
"b'K""\x1b\xa5'",4319
b'h\x80\x00\x04',4312
b'\xb7\xe8R|',4305
"b'L\x10,\x94'",4298
"b""\x82'\xc6&""",4298
b'\x01`\x92U',4286
b'\xcf\x9ep\x0e',4283
b'~)x|',4244
b'lw\x1f\xcf',4243
b'p\x89\xfe\x81',4242
b'tA\x8cF',4240
b'++/\xed',4239
b'\x99\xc1\x8f\x17',4235
b'\x86\xef\xca-',4232
b'Ni\x91\xf8',4225
b'd\xab\xf4\x1f',4222
b'\x8f\xbf\xa8\x05',4211
b'w\xddn\x82',4211
b'k\x1dm+',4194
b'\x838\xffy',4180
b'\x80\x16K\x12',4174
"b""'\x08<\x08""",4172
b'\xb7\xbe\xe9\xcd',4166
b'C\xcf\xac\x7f',4164
b'sY\xe5\xb0',4162
b'\x99\xc1\x8f\x05',4161
b'l\n-\xd5',4161
b'e\x10:\xe3',4150
b'\x01l|\xf7',4148
b'\xcf\x81\xc8\xfa',4140
b'\x80&n\xce',4136
b'\x99\xc1\x88n',4135
"b'\xcb""\xa9\n'",4129
b'I\x00\xe1E',4127
b'lw\x1f\xea',4126
b'p\xe2~s',4125
b'C\xcf\xac\xf9',4121
b'\x99\xc1\xe9\xa7',4114
b'lw\x01\xf5',4098
b'uv\x92\x91',4089
b'pc\xcd*',4088
b'\x80\n6\xe2',4084
b'\x99\xc1\x99X',4083
b'\x95\xd6\x98\x93',4082
b'ut\x93\xd8',4077
b'n\xdb\xc1\xdd',4073
"b'\x99\xc1,\x9b'",4051
b'\xcf\x98\xe1s',4047
b'\x8c\xfc$F',4042
b'\xd4\xee\x8c\xf5',4041
b'\xd2\xdc\xa4\x0b',4041
b'~LG\xa3',4041
b'\xc5U&O',4040
b'lw\x1f\xa5',4038
b'+\x99v\x88',4028
b's\x08\xf4\x1b',4027
b'pc\xfe\x9e',4025
b'{\xed\x80\xce',4015
b'lw\x05g',4005
b'\xcf\x88T\x92',4002
b'\x92\x9ec\t',3999
b'w\xf4R`',3999
b'\xcd\xa9\x11#',3995
b'\x96l\xd8\xe3',3987
b'\xdc\x1bT\x1b',3986
b'\xcc\xc5c\x19',3981
b'\xb7\xb3j\xc1',3977
b'\xd2\x1d\r\xb1',3976
b'++/\xee',3974
b'A\xdf\x16\x15',3972
b'f\x06\x9c\x84',3971
b'\x0fS\xe8\xdc',3970
b'\x0c$/}',3964
b'lw\x05q',3960
b'\x99\xc1\x881',3940
b'\xcf\xa9\x16 ',3937
b'1\xaf\xb4q',3921
b'\x1f\xa6X\x02',3919
b'r@\x81\x93',3916
b'v\n\xfc\x9a',3914
b'\xd6Q\x1c\xf1',3900
b'C\xdcs\xdc',3891
b'\xc5#)}',3890
b'w\xe2\xc0V',3881
b'w\xf0\xa2\xe9',3879
b'\x0fS\xe8\xd7',3872
b'\xb7\xa8\xc5W',3865
b'\xcf\x88T\xf3',3861
b'U\xa4\x89\xed',3844
b']\x91\xc2\xf4',3844
b'A\xde2\xe7',3841
b'{\xea\xa6\x86',3830
b'\xb1\xba\x1b\x96',3818
b'2\x96\x8a?',3815
b'k\xd0d\xe1',3810
b'lw\x05l',3805
b'1\x19\xfc\x0b',3800
b'lw\x07s',3793
b'\x0c\xef\xacy',3790
b'\xb7\xc7K@',3784
b'\nH*~',3770
b'\xc9W\xf4\x08',3767
b'r\t\x0e[',3767
b'\x82\x16\xea\xa4',3730
b'E\x16\xd7\xb1',3725
b'\x1cIU\x95',3718
b'~gT\x16',3715
b'~g\xfe\xbf',3708
b'\xd2\xee\xcf\xab',3693
b'w\x01Z\xe6',3693
b'\x99\xc1\x96\xf6',3677
b'u\xb6\x10\x10',3673
b'N`\xd7\xb0',3664
b'w\xee-\xfa',3661
b'++/\xe2',3648
b'\x9eH\ng',3635
b'\x01`\\\xc6',3633
b'\xd8\xdf\x99\x8a',3631
b'lw\x03\xc7',3622
b'\x1fi(\x05',3620
b'/?$|',3619
b'\nLl>',3616
b'\x80\x0b^\xbd',3616
b'lw\x1f\xe3',3612
b'\xcf\x8axb',3608
b'\x99\xc1\x8a0',3599
b'v+U\x82',3595
b'\xcb\x94\x96\xea',3591
b'\x82\x11\x18?',3569
b'2\xff\x97J',3561
b'\xcf\x81q\xb9',3549
b'\xcf\x82\x15\xc3',3547
b'uw%\x92',3544
b'\xcf\x80n ',3543
b'\xb7\xcd\x18O',3541
b'\xc5\x16\x7f.',3537
b'lw\x01\xe3',3537
b'\xd0M\xfb\x01',3519
b'\x92\xf1N#',3513
b'lw\x050',3497
b'\x01l|\xcc',3490
b'pP\x02\x16',3490
b'lw\x03\xd4',3487
b'\x05\xe7ZA',3471
b'\xa7\xc5\xe3\x1d',3466
b'\xb7\xc8g\xb5',3463
b'w\xf0\x97<',3452
b'\x89\xc4\xcfY',3440
b'\xd4S\x933',3435
b'x\xb2S\x04',3426
b'x\x8c\xe2\xe7',3425
b'q\xc7\xae]',3421
b'w\xe2j\x91',3419
b'oD\x11\xbe',3415
b'\x01l|\xc3',3414
b'\xb7\xb9mP',3413
b'\x1cW\x7f\x9e',3407
b'\x80=:\x18',3404
b'\x01l|\xde',3396
b'\xdc\x1bP\xc2',3390
b'\x92N\xa9\xc2',3376
b'\xa7\\\xf0\xc5',3371
b'\x01l|\xc4',3358
b'w\xed\x0f\x9c',3355
b'\x87;\x03\xfa',3334
b'l\x16y\x81',3319
b'pp\xdc\xa7',3317
b'pt1\x88',3314
b'\x82\x0e\xf1!',3302
b'+\x93\xfb7',3300
b'l\x15\x06?',3295
"b""\x80'\xf6(""",3292
b'\x80.)>',3286
